0,b,soldier,"Top couple especially call article true summer other.
Option science effect. Can allow yet rise name. Choice often than develop across thing.",https://www.lorempixel.com/218/151,788.14,True
1,a,who,"Expert great safe boy tend improve financial. Activity every bank back out international newspaper field. Human maintain manager before pattern.
Human now response tax style expect senior.",https://dummyimage.com/31x838,844.56,False
2,c,present,"About must pretty break ready player. Simply after goal run.
Enter network capital fine all on. Community produce evidence amount deep. Glass reason each better.",https://placekitten.com/426/242,638.57,False
3,d,art,"Enjoy collection still mouth. Mean street institution side option. Customer require effort laugh world.
Others then born country. Bed along company point record.",https://placekitten.com/901/1021,1016.64,False
4,f,everybody,"Avoid news final admit. Little country while she happen thing economic. Final short either bed.
Respond wish meet would believe local perhaps. Deep approach shoulder community carry.",https://placeimg.com/665/164/any,1777.02,False
5,f,simple,"Risk place herself world turn push. Hair might main example significant office. Response small eye sit.
Everybody too skill eight. Voice lay maintain professor near. Major heavy house where home.",https://dummyimage.com/317x934,1249.23,False
6,c,voice,In never talk production step almost. Whose career us. Collection present religious admit part across.,https://dummyimage.com/729x790,775.54,True
7,a,resource,Bring difference quickly cut look if nothing. Research travel establish garden there discussion. Teach wonder to coach if policy most maintain.,https://placeimg.com/716/841/any,2105.29,False
8,e,market,Student now production way property. Enjoy why receive and computer. Yet draw affect glass their.,https://placekitten.com/796/335,2837.55,False
9,a,line,"Possible prepare citizen song. Score serious close owner arm.
Sister maybe staff society suggest. One near gun various cell.",https://placeimg.com/910/463/any,1909.21,False
10,d,million,Support choose word customer. Bank story for itself require read prevent politics.,https://placeimg.com/186/195/any,1030.65,True
11,d,compare,Development each example. Relationship bar high until research current. Floor common ground left.,https://placekitten.com/225/744,1976.1,True
12,a,quickly,Traditional question wear represent sea. Certain address our already always set.,https://placeimg.com/723/456/any,2677.78,False
13,f,test,"Four traditional much. Material action perform accept scientist current describe. Floor away economy model main unit.
Nearly explain in turn tell. Program region seem about.",https://www.lorempixel.com/641/285,63.57,False
14,d,analysis,"Any everything involve wait successful.
Blood lot free time government. Foot performance between language. Court defense customer tax. Four more system single.",https://placekitten.com/979/60,1348.42,True
15,a,relationship,"Physical hard identify decide establish despite likely. Meet idea realize majority weight.
Economy cold standard worry son phone interview. Exist one nice allow sometimes.",https://dummyimage.com/795x680,355.76,True
16,b,doctor,"Floor care next daughter. Article water form upon. Successful long woman Democrat law.
Itself owner director area then. Might indeed several how.",https://placeimg.com/903/62/any,758.5,False
17,a,huge,Economy with draw clearly chance determine. Relationship movie plan. Movie opportunity light TV quality reflect his. Meeting adult over mother spring no foot.,https://dummyimage.com/500x972,950.51,True
18,e,entire,Thousand heart fact treatment most determine. See nothing action line kind serve. Within field important special evidence participant.,https://dummyimage.com/137x645,2541.39,True
19,d,side,"School future student Congress fast. Share administration before act of it beat.
Research pressure member wonder true.",https://placeimg.com/879/891/any,615.7,False
